REGION	POS	REF	ALT	REF_DP	REF_RV	REF_QUAL	ALT_DP	ALT_RV	ALT_QUAL	ALT_FREQ	TOTAL_DP	PVAL	PASS	GFF_FEATURE	REF_CODON	REF_AA	ALT_CODON	ALT_AA
NC_063383.1	10242	C	T	0	0	0	200	103	40	1	200	1.94264e-119	TRUE	NA	NA	NA	NA	NA
NC_063383.1	10267	A	C	0	0	0	382	192	40	1	382	7.14269e-229	TRUE	NA	NA	NA	NA	NA
NC_063383.1	10275	A	G	0	0	0	457	236	40	1	457	5.47351e-274	TRUE	NA	NA	NA	NA	NA
NC_063383.1	10454	C	T	0	0	0	14	7	40	1	14	4.98547e-08	TRUE	NA	NA	NA	NA	NA
NC_063383.1	12324	C	A	0	0	0	1017	516	40	1	1017	0	TRUE	NA	NA	NA	NA	NA
NC_063383.1	12352	A	G	0	0	0	725	363	40	1	725	0	TRUE	NA	NA	NA	NA	NA
NC_063383.1	12380	A	G	0	0	0	424	206	40	1	424	3.89027e-254	TRUE	NA	NA	NA	NA	NA
NC_063383.1	13686	C	T	43	25	40	408	207	40	0.904656	451	3.46464e-208	TRUE	NA	NA	NA	NA	NA
NC_063383.1	18017	A	T	0	0	0	1417	674	40	1	1417	0	TRUE	NA	NA	NA	NA	NA
NC_063383.1	18054	T	-ACC	1500	714	40	1500	0	20	1	1500	1.69808e-310	TRUE	NA	NA	NA	NA	NA
NC_063383.1	18107	C	T	0	0	0	1016	475	40	1	1016	0	TRUE	NA	NA	NA	NA	NA
NC_063383.1	25528	A	T	0	0	0	982	509	40	1	982	0	TRUE	NA	NA	NA	NA	NA
NC_063383.1	25550	T	G	1176	611	40	21	14	40	0.0175439	1197	4.40323e-07	TRUE	NA	NA	NA	NA	NA
NC_063383.1	25550	T	+TTG	1176	611	40	1176	0	20	0.982456	1197	1.71912e-248	TRUE	NA	NA	NA	NA	NA
NC_063383.1	34295	A	G	0	0	0	1488	773	40	1	1488	0	TRUE	NA	NA	NA	NA	NA
NC_063383.1	34301	A	C	0	0	0	1384	717	40	1	1384	0	TRUE	NA	NA	NA	NA	NA
NC_063383.1	60874	C	G	0	0	0	429	218	40	1	429	3.82141e-257	TRUE	NA	NA	NA	NA	NA
NC_063383.1	60984	G	A	1350	693	40	150	73	40	0.1	1500	1.46017e-47	TRUE	NA	NA	NA	NA	NA
NC_063383.1	61056	A	C	0	0	0	702	352	40	1	702	0	TRUE	NA	NA	NA	NA	NA
NC_063383.1	64465	A	G	0	0	0	289	146	40	1	289	6.09402e-173	TRUE	NA	NA	NA	NA	NA
NC_063383.1	70774	C	A	0	0	0	781	395	40	1	781	0	TRUE	NA	NA	NA	NA	NA
NC_063383.1	74303	G	C	0	0	0	1339	698	40	1	1339	0	TRUE	NA	NA	NA	NA	NA
NC_063383.1	74382	T	C	0	0	0	463	245	40	1	463	1.34504e-277	TRUE	NA	NA	NA	NA	NA
NC_063383.1	89853	G	A	518	262	40	35	21	40	0.0632911	553	1.72469e-11	TRUE	NA	NA	NA	NA	NA
NC_063383.1	89859	G	A	518	262	40	203	117	40	0.281553	721	5.50412e-69	TRUE	NA	NA	NA	NA	NA
NC_063383.1	89859	G	+GAAGAAGTA	518	262	40	518	0	20	0.718447	721	1.09662e-137	TRUE	NA	NA	NA	NA	NA
NC_063383.1	102971	C	A	0	0	0	1414	731	40	1	1414	0	TRUE	NA	NA	NA	NA	NA
NC_063383.1	103006	C	A	0	0	0	991	519	40	1	991	0	TRUE	NA	NA	NA	NA	NA
NC_063383.1	103051	A	G	0	0	0	420	223	40	1	420	9.91203e-252	TRUE	NA	NA	NA	NA	NA
NC_063383.1	107668	T	+N	1396	674	40	127	0	20	0.0909742	1396	9.3919e-24	TRUE	NA	NA	NA	NA	NA
NC_063383.1	107669	G	N	1366	657	40	12	7	40	0.00870827	1378	0.000239382	TRUE	NA	NA	NA	NA	NA
NC_063383.1	107670	G	N	1232	590	40	127	62	40	0.0934511	1359	2.8093e-40	TRUE	NA	NA	NA	NA	NA
NC_063383.1	107670	G	+A	1232	590	40	1096	0	20	0.806475	1359	9.90248e-250	TRUE	NA	NA	NA	NA	NA
NC_063383.1	107671	A	N	1207	579	40	134	66	40	0.0999254	1341	1.46219e-42	TRUE	NA	NA	NA	NA	NA
NC_063383.1	107672	A	N	1322	636	40	6	4	40	0.00451807	1328	0.015572	FALSE	NA	NA	NA	NA	NA
NC_063383.1	107676	G	A	1223	586	40	22	9	40	0.0176707	1245	2.19055e-07	TRUE	NA	NA	NA	NA	NA
NC_063383.1	108793	A	G	0	0	0	1486	781	40	1	1486	0	TRUE	NA	NA	NA	NA	NA
NC_063383.1	108808	A	G	150	79	40	1350	707	40	0.9	1500	0	TRUE	NA	NA	NA	NA	NA
NC_063383.1	111059	A	N	875	457	40	92	46	40	0.0951396	967	2.18435e-29	TRUE	NA	NA	NA	NA	NA
NC_063383.1	111095	G	T	0	0	0	1386	713	40	1	1386	0	TRUE	NA	NA	NA	NA	NA
NC_063383.1	125556	A	G	0	0	0	759	401	40	1	759	0	TRUE	NA	NA	NA	NA	NA
NC_063383.1	128076	A	G	0	0	0	820	433	40	1	820	0	TRUE	NA	NA	NA	NA	NA
NC_063383.1	132719	A	C	0	0	0	1045	534	40	1	1045	0	TRUE	NA	NA	NA	NA	NA
NC_063383.1	132810	G	-T	1145	585	40	1084	0	20	0.946725	1145	2.43606e-227	TRUE	NA	NA	NA	NA	NA
NC_063383.1	132813	T	C	1084	555	40	9	4	40	0.00823422	1093	0.00192904	TRUE	NA	NA	NA	NA	NA
NC_063383.1	136864	A	C	0	0	0	1500	774	40	1	1500	0	TRUE	NA	NA	NA	NA	NA
NC_063383.1	136870	A	G	0	0	0	1500	774	40	1	1500	0	TRUE	NA	NA	NA	NA	NA
NC_063383.1	141759	G	A	0	0	0	649	317	40	1	649	0	TRUE	NA	NA	NA	NA	NA
NC_063383.1	146039	T	C	262	143	40	9	3	40	0.0332103	271	0.0018565	TRUE	NA	NA	NA	NA	NA
NC_063383.1	146039	T	+C	262	143	40	5	0	20	0.0184502	271	0.220458	FALSE	NA	NA	NA	NA	NA
NC_063383.1	146039	T	+ATAACAATTACAATACATTTTTATC	262	143	40	257	0	20	0.948339	271	9.2947e-57	TRUE	NA	NA	NA	NA	NA
NC_063383.1	146067	G	A	861	426	40	9	8	40	0.0103448	870	0.00192288	TRUE	NA	NA	NA	NA	NA
NC_063383.1	146067	G	+A	861	426	40	861	0	20	0.989655	870	3.14258e-181	TRUE	NA	NA	NA	NA	NA
NC_063383.1	146083	C	-CG	978	489	40	978	0	20	1	978	4.48817e-204	TRUE	NA	NA	NA	NA	NA
NC_063383.1	146085	G	C	0	0	0	9	4	40	1	9	3.93653e-22	TRUE	NA	NA	NA	NA	NA
NC_063383.1	146092	T	C	1025	510	40	20	11	40	0.0191388	1045	8.78461e-07	TRUE	NA	NA	NA	NA	NA
NC_063383.1	146092	T	+C	1025	510	40	1025	0	20	0.980861	1045	2.51296e-216	TRUE	NA	NA	NA	NA	NA
NC_063383.1	146098	G	T	0	0	0	1128	566	40	1	1128	0	TRUE	NA	NA	NA	NA	NA
NC_063383.1	146215	A	G	0	0	0	489	255	40	1	489	3.06927e-293	TRUE	NA	NA	NA	NA	NA
NC_063383.1	148279	A	+G	1350	704	40	1350	0	20	1	1350	2.91621e-280	TRUE	NA	NA	NA	NA	NA
NC_063383.1	148334	T	-TA	752	381	40	90	0	20	0.119681	752	1.19283e-18	TRUE	NA	NA	NA	NA	NA
NC_063383.1	148335	T	-A	646	317	40	527	0	20	0.716033	736	4.51628e-125	TRUE	NA	NA	NA	NA	NA
NC_063383.1	148336	A	T	0	0	0	104	57	40	1	104	5.07582e-135	TRUE	NA	NA	NA	NA	NA
NC_063383.1	148344	T	A	90	56	40	527	252	40	0.854133	617	1.3164e-254	TRUE	NA	NA	NA	NA	NA
NC_063383.1	149878	G	A	0	0	0	1266	621	40	1	1266	0	TRUE	NA	NA	NA	NA	NA
NC_063383.1	149994	A	N	651	307	40	69	34	40	0.0958333	720	3.21418e-22	TRUE	NA	NA	NA	NA	NA
NC_063383.1	149995	A	N	640	301	40	67	33	40	0.0947666	707	1.3778e-21	TRUE	NA	NA	NA	NA	NA
NC_063383.1	164442	G	N	580	290	40	67	30	40	0.103555	647	1.17879e-21	TRUE	NA	NA	NA	NA	NA
NC_063383.1	164444	C	N	571	284	40	65	28	40	0.102201	636	5.09768e-21	TRUE	NA	NA	NA	NA	NA
NC_063383.1	164445	G	N	563	278	40	63	28	40	0.100639	626	2.20877e-20	TRUE	NA	NA	NA	NA	NA
NC_063383.1	175065	C	A	0	0	0	1350	697	40	1	1350	0	TRUE	NA	NA	NA	NA	NA
NC_063383.1	181364	T	A	0	0	0	737	386	40	1	737	0	TRUE	NA	NA	NA	NA	NA
NC_063383.1	182779	C	T	91	42	40	850	450	40	0.903294	941	0	TRUE	NA	NA	NA	NA	NA
NC_063383.1	182899	T	C	0	0	0	927	484	40	1	927	0	TRUE	NA	NA	NA	NA	NA
NC_063383.1	185762	A	G	0	0	0	136	66	40	1	136	5.45274e-81	TRUE	NA	NA	NA	NA	NA
NC_063383.1	186077	T	C	0	0	0	1500	749	40	1	1500	0	TRUE	NA	NA	NA	NA	NA
NC_063383.1	190596	T	G	0	0	0	1408	734	40	1	1408	0	TRUE	NA	NA	NA	NA	NA
NC_063383.1	190648	A	T	0	0	0	638	319	40	1	638	0	TRUE	NA	NA	NA	NA	NA
